{
    "login": 1719400342.4472487,
    "f_getGameData": 1719400347.5722766
}