{
    "login": 1719510557.4521863,
    "f_getGameData": 1719513016.9763908
}