{
    "login": 1719482817.0790627,
    "f_getGameData": 1719482824.2687035
}