{
    "login": 1719467964.5527577,
    "f_getGameData": 1719467969.6365552
}