{
    "login": 1719483764.2521758,
    "f_getGameData": 1719483767.9756415
}