{
    "get_trainer_data": 1719370411.1865013,
    "get_gamesave_data": 1719063947.231363,
    "__update_trainer_data": 1717855414.5178077,
    "__update_gamesave_data": 1717855417.821903,
    "login": 1719370404.9465492,
    "total_403_errors": 1,
    "update_all": 1719265784.4096115
}