{
    "get_trainer_data": 1719336379.418656,
    "get_gamesave_data": 1719063947.231363,
    "__update_trainer_data": 1717855414.5178077,
    "__update_gamesave_data": 1717855417.821903,
    "login": 1719336375.1236398,
    "total_403_errors": 1,
    "update_all": 1719265784.4096115
}