{
    "login": 1719451579.7693803,
    "f_getGameData": 1719451585.9564445
}