{
    "login": 1719516994.978969,
    "f_getGameData": 1719517000.5388074,
    "f_updateAllToServer": 1719516858.4274976
}