{
    "login": 1719510557.4521863,
    "f_getGameData": 1719483767.9756415
}