{
    "login": 1719483468.2417355,
    "f_getGameData": 1719483475.3371553
}