{
    "login": 1719458544.0683355,
    "f_getGameData": 1719458547.736022
}